{"key":"500","updated":1617091871,"cbsCode":null,"parties":[{"key":0,"results":{"previous":{"votes":"2238351","percentage":"21,2","seats":"0"},"current":{"votes":"2279126","percentage":"21,9","seats":"0"},"diff":{"votes":"40775","percentage":"0,7","seats":"0"}}},{"key":1,"results":{"previous":{"votes":"1372941","percentage":"13,0","seats":"0"},"current":{"votes":"1124482","percentage":"10,8","seats":"0"},"diff":{"votes":"-248459","percentage":"-2,2","seats":"0"}}},{"key":2,"results":{"previous":{"votes":"1305217","percentage":"12,4","seats":"0"},"current":{"votes":"990601","percentage":"9,5","seats":"0"},"diff":{"votes":"-314616","percentage":"-2,9","seats":"0"}}},{"key":3,"results":{"previous":{"votes":"1288794","percentage":"12,2","seats":"0"},"current":{"votes":"1565862","percentage":"15,0","seats":"0"},"diff":{"votes":"277068","percentage":"2,8","seats":"0"}}},{"key":4,"results":{"previous":{"votes":"960685","percentage":"9,1","seats":"0"},"current":{"votes":"537308","percentage":"5,2","seats":"0"},"diff":{"votes":"-423377","percentage":"-3,9","seats":"0"}}},{"key":5,"results":{"previous":{"votes":"955633","percentage":"9,1","seats":"0"},"current":{"votes":"623371","percentage":"6,0","seats":"0"},"diff":{"votes":"-332262","percentage":"-3,1","seats":"0"}}},{"key":6,"results":{"previous":{"votes":"599692","percentage":"5,7","seats":"0"},"current":{"votes":"597192","percentage":"5,7","seats":"0"},"diff":{"votes":"-2500","percentage":"0,0","seats":"0"}}},{"key":7,"results":{"previous":{"votes":"356376","percentage":"3,4","seats":"0"},"current":{"votes":"351275","percentage":"3,4","seats":"0"},"diff":{"votes":"-5101","percentage":"0,0","seats":"0"}}},{"key":8,"results":{"previous":{"votes":"335511","percentage":"3,2","seats":"0"},"current":{"votes":"399751","percentage":"3,8","seats":"0"},"diff":{"votes":"64240","percentage":"0,6","seats":"0"}}},{"key":9,"results":{"previous":{"votes":"327494","percentage":"3,1","seats":"0"},"current":{"votes":"106702","percentage":"1,0","seats":"0"},"diff":{"votes":"-220792","percentage":"-2,1","seats":"0"}}},{"key":10,"results":{"previous":{"votes":"218978","percentage":"2,1","seats":"0"},"current":{"votes":"215249","percentage":"2,1","seats":"0"},"diff":{"votes":"-3729","percentage":"0,0","seats":"0"}}},{"key":11,"results":{"previous":{"votes":"216241","percentage":"2,1","seats":"0"},"current":{"votes":"211238","percentage":"2,0","seats":"0"},"diff":{"votes":"-5003","percentage":"-0,1","seats":"0"}}},{"key":12,"results":{"previous":{"votes":"187388","percentage":"1,8","seats":"0"},"current":{"votes":"523083","percentage":"5,0","seats":"0"},"diff":{"votes":"335695","percentage":"3,2","seats":"0"}}},{"key":13,"results":{"previous":{"votes":"28709","percentage":"0,3","seats":"0"},"current":{"votes":"87238","percentage":"0,8","seats":"0"},"diff":{"votes":"58529","percentage":"0,5","seats":"0"}}},{"key":14,"results":{"previous":{"votes":"0","percentage":"0,0","seats":"0"},"current":{"votes":"246620","percentage":"2,4","seats":"0"},"diff":{"votes":"246620","percentage":"2,4","seats":"0"}}},{"key":15,"results":{"previous":{"votes":"0","percentage":"0,0","seats":"0"},"current":{"votes":"40731","percentage":"0,4","seats":"0"},"diff":{"votes":"40731","percentage":"0,4","seats":"0"}}},{"key":16,"results":{"previous":{"votes":"0","percentage":"0,0","seats":"0"},"current":{"votes":"252480","percentage":"2,4","seats":"0"},"diff":{"votes":"252480","percentage":"2,4","seats":"0"}}},{"key":17,"results":{"previous":{"votes":"0","percentage":"0,0","seats":"0"},"current":{"votes":"33834","percentage":"0,3","seats":"0"},"diff":{"votes":"33834","percentage":"0,3","seats":"0"}}},{"key":18,"results":{"previous":{"votes":"35530","percentage":"0,3","seats":"0"},"current":{"votes":"22816","percentage":"0,2","seats":"0"},"diff":{"votes":"-12714","percentage":"-0,1","seats":"0"}}},{"key":19,"results":{"previous":{"votes":"1495","percentage":"0,0","seats":"0"},"current":{"votes":"5546","percentage":"0,1","seats":"0"},"diff":{"votes":"4051","percentage":"0,1","seats":"0"}}},{"key":20,"results":{"previous":{"votes":"0","percentage":"0,0","seats":"0"},"current":{"votes":"15297","percentage":"0,1","seats":"0"},"diff":{"votes":"15297","percentage":"0,1","seats":"0"}}},{"key":21,"results":{"previous":{"votes":"0","percentage":"0,0","seats":"0"},"current":{"votes":"30328","percentage":"0,3","seats":"0"},"diff":{"votes":"30328","percentage":"0,3","seats":"0"}}},{"key":22,"results":{"previous":{"votes":"0","percentage":"0,0","seats":"0"},"current":{"votes":"104319","percentage":"1,0","seats":"0"},"diff":{"votes":"104319","percentage":"1,0","seats":"0"}}},{"key":23,"results":{"previous":{"votes":"0","percentage":"0,0","seats":"0"},"current":{"votes":"8657","percentage":"0,1","seats":"0"},"diff":{"votes":"8657","percentage":"0,1","seats":"0"}}},{"key":24,"results":{"previous":{"votes":"0","percentage":"0,0","seats":"0"},"current":{"votes":"9264","percentage":"0,1","seats":"0"},"diff":{"votes":"9264","percentage":"0,1","seats":"0"}}},{"key":25,"results":{"previous":{"votes":"0","percentage":"0,0","seats":"0"},"current":{"votes":"5449","percentage":"0,1","seats":"0"},"diff":{"votes":"5449","percentage":"0,1","seats":"0"}}},{"key":26,"results":{"previous":{"votes":"3099","percentage":"0,0","seats":"0"},"current":{"votes":"5015","percentage":"0,0","seats":"0"},"diff":{"votes":"1916","percentage":"0,0","seats":"0"}}},{"key":27,"results":{"previous":{"votes":"0","percentage":"0,0","seats":"0"},"current":{"votes":"13198","percentage":"0,1","seats":"0"},"diff":{"votes":"13198","percentage":"0,1","seats":"0"}}},{"key":28,"results":{"previous":{"votes":"0","percentage":"0,0","seats":"0"},"current":{"votes":"1880","percentage":"0,0","seats":"0"},"diff":{"votes":"1880","percentage":"0,0","seats":"0"}}},{"key":29,"results":{"previous":{"votes":"0","percentage":"0,0","seats":"0"},"current":{"votes":"8277","percentage":"0,1","seats":"0"},"diff":{"votes":"8277","percentage":"0,1","seats":"0"}}},{"key":30,"results":{"previous":{"votes":"0","percentage":"0,0","seats":"0"},"current":{"votes":"804","percentage":"0,0","seats":"0"},"diff":{"votes":"804","percentage":"0,0","seats":"0"}}},{"key":31,"results":{"previous":{"votes":"0","percentage":"0,0","seats":"0"},"current":{"votes":"3744","percentage":"0,0","seats":"0"},"diff":{"votes":"3744","percentage":"0,0","seats":"0"}}},{"key":32,"results":{"previous":{"votes":"0","percentage":"0,0","seats":"0"},"current":{"votes":"942","percentage":"0,0","seats":"0"},"diff":{"votes":"942","percentage":"0,0","seats":"0"}}},{"key":33,"results":{"previous":{"votes":"0","percentage":"0,0","seats":"0"},"current":{"votes":"553","percentage":"0,0","seats":"0"},"diff":{"votes":"553","percentage":"0,0","seats":"0"}}},{"key":34,"results":{"previous":{"votes":"0","percentage":"0,0","seats":"0"},"current":{"votes":"245","percentage":"0,0","seats":"0"},"diff":{"votes":"245","percentage":"0,0","seats":"0"}}},{"key":35,"results":{"previous":{"votes":"0","percentage":"0,0","seats":"0"},"current":{"votes":"119","percentage":"0,0","seats":"0"},"diff":{"votes":"119","percentage":"0,0","seats":"0"}}},{"key":36,"results":{"previous":{"votes":"0","percentage":"0,0","seats":"0"},"current":{"votes":"255","percentage":"0,0","seats":"0"},"diff":{"votes":"255","percentage":"0,0","seats":"0"}}},{"key":37,"results":{"previous":{"votes":"92444","percentage":"0,9","seats":"0"},"current":{"votes":"0","percentage":"0,0","seats":"0"},"diff":{"votes":"-92444","percentage":"-0,9","seats":"0"}}}],"turnout":{"current":"78,7","previous":"81,4"},"countStatus":{"total":null,"completed":null},"statusExtra":null}