{"views":[{"key":"600","type":2,"cbsCode":null,"label":"Landelijk","status":4,"updated":1617091911,"parent":null,"topPartiesCurrent":[0,3,1],"topPartiesPrevious":[0,1,2]},{"key":"500","type":2,"cbsCode":null,"label":"Landelijk","status":4,"updated":1617091871,"parent":null,"topPartiesCurrent":[0,3,1],"topPartiesPrevious":[0,1,2]},{"key":"506","type":1,"cbsCode":null,"label":"Gelderland","status":4,"updated":1617091871,"parent":"506","topPartiesCurrent":[0,3,2],"topPartiesPrevious":[0,2,3]},{"key":"507","type":1,"cbsCode":null,"label":"Utrecht (provincie)","status":4,"updated":1617091871,"parent":"507","topPartiesCurrent":[0,3,2],"topPartiesPrevious":[0,3,4]},{"key":"508","type":1,"cbsCode":null,"label":"Noord-Holland","status":4,"updated":1617091871,"parent":"508","topPartiesCurrent":[0,3,1],"topPartiesPrevious":[0,3,4]},{"key":"509","type":1,"cbsCode":null,"label":"Zuid-Holland","status":4,"updated":1617091871,"parent":"509","topPartiesCurrent":[0,3,1],"topPartiesPrevious":[0,1,3]},{"key":"502","type":1,"cbsCode":null,"label":"Friesland","status":4,"updated":1617091870,"parent":"502","topPartiesCurrent":[0,2,3],"topPartiesPrevious":[2,0,1]},{"key":"505","type":1,"cbsCode":null,"label":"Flevoland","status":4,"updated":1617091870,"parent":"505","topPartiesCurrent":[0,1,3],"topPartiesPrevious":[0,1,2]},{"key":"511","type":1,"cbsCode":null,"label":"Noord-Brabant","status":4,"updated":1617091870,"parent":"511","topPartiesCurrent":[0,3,1],"topPartiesPrevious":[0,1,2]},{"key":"501","type":1,"cbsCode":null,"label":"Groningen (provincie)","status":4,"updated":1617091869,"parent":"501","topPartiesCurrent":[3,0,1],"topPartiesPrevious":[5,0,3]},{"key":"504","type":1,"cbsCode":null,"label":"Overijssel","status":4,"updated":1617091869,"parent":"504","topPartiesCurrent":[0,2,3],"topPartiesPrevious":[2,0,1]},{"key":"503","type":1,"cbsCode":null,"label":"Drenthe","status":4,"updated":1617091868,"parent":"503","topPartiesCurrent":[0,3,1],"topPartiesPrevious":[0,2,1]},{"key":"510","type":1,"cbsCode":null,"label":"Zeeland","status":4,"updated":1617091868,"parent":"510","topPartiesCurrent":[0,2,1],"topPartiesPrevious":[0,2,1]},{"key":"512","type":1,"cbsCode":null,"label":"Limburg","status":4,"updated":1617091868,"parent":"512","topPartiesCurrent":[0,1,3],"topPartiesPrevious":[1,0,2]},{"key":"392","type":2,"cbsCode":"0998","label":"Briefstemmers","status":4,"updated":1617091601,"parent":"509","topPartiesCurrent":[0,3,4],"topPartiesPrevious":[3,0,4]},{"key":"026","type":0,"cbsCode":"1970","label":"Noardeast-Frysl\u00e2n","status":4,"updated":1617091600,"parent":"502","topPartiesCurrent":[2,0,1],"topPartiesPrevious":[2,0,1]},{"key":"031","type":0,"cbsCode":"1900","label":"S\u00fadwest-Frysl\u00e2n","status":4,"updated":1617091600,"parent":"502","topPartiesCurrent":[0,2,3],"topPartiesPrevious":[2,0,1]},{"key":"151","type":0,"cbsCode":"1771","label":"Geldrop-Mierlo","status":4,"updated":1617091600,"parent":"511","topPartiesCurrent":[0,3,1],"topPartiesPrevious":[0,1,2]},{"key":"165","type":0,"cbsCode":"0815","label":"Mill en Sint Hubert","status":4,"updated":1617091600,"parent":"511","topPartiesCurrent":[0,2,1],"topPartiesPrevious":[0,2,5]},{"key":"167","type":0,"cbsCode":"0820","label":"Nuenen, Gerwen en Nederwetten","status":4,"updated":1617091600,"parent":"511","topPartiesCurrent":[0,3,2],"topPartiesPrevious":[0,3,2]},{"key":"177","type":0,"cbsCode":"0845","label":"Sint-Michielsgestel","status":4,"updated":1617091600,"parent":"511","topPartiesCurrent":[0,3,2],"topPartiesPrevious":[0,2,1]},{"key":"303","type":0,"cbsCode":"0484","label":"Alphen aan den Rijn","status":4,"updated":1617091600,"parent":"509","topPartiesCurrent":[0,3,2],"topPartiesPrevious":[0,2,3]},{"key":"307","type":0,"cbsCode":"0502","label":"Capelle aan den IJssel","status":4,"updated":1617091600,"parent":"509","topPartiesCurrent":[0,3,1],"topPartiesPrevious":[0,1,3]},{"key":"310","type":0,"cbsCode":"1924","label":"Goeree-Overflakkee","status":4,"updated":1617091600,"parent":"509","topPartiesCurrent":[0,10,1],"topPartiesPrevious":[0,10,1]},{"key":"313","type":0,"cbsCode":"0523","label":"Hardinxveld-Giessendam","status":4,"updated":1617091600,"parent":"509","topPartiesCurrent":[10,0,7],"topPartiesPrevious":[10,7,0]},{"key":"315","type":0,"cbsCode":"0531","label":"Hendrik-Ido-Ambacht","status":4,"updated":1617091600,"parent":"509","topPartiesCurrent":[0,10,3],"topPartiesPrevious":[0,1,10]},{"key":"320","type":0,"cbsCode":"0542","label":"Krimpen aan den IJssel","status":4,"updated":1617091600,"parent":"509","topPartiesCurrent":[0,10,3],"topPartiesPrevious":[0,1,10]},{"key":"325","type":0,"cbsCode":"1916","label":"Leidschendam-Voorburg","status":4,"updated":1617091600,"parent":"509","topPartiesCurrent":[0,3,1],"topPartiesPrevious":[0,3,1]},{"key":"022","type":0,"cbsCode":"1940","label":"De Fryske Marren","status":4,"updated":1617091599,"parent":"502","topPartiesCurrent":[0,2,3],"topPartiesPrevious":[2,0,1]},{"key":"104","type":0,"cbsCode":"1903","label":"Eijsden-Margraten","status":4,"updated":1617091599,"parent":"512","topPartiesCurrent":[0,3,2],"topPartiesPrevious":[2,0,1]},{"key":"115","type":0,"cbsCode":"0944","label":"Mook en Middelaar","status":4,"updated":1617091599,"parent":"512","topPartiesCurrent":[0,3,1],"topPartiesPrevious":[0,3,2]},{"key":"124","type":0,"cbsCode":"0994","label":"Valkenburg aan de Geul","status":4,"updated":1617091599,"parent":"512","topPartiesCurrent":[0,1,3],"topPartiesPrevious":[0,1,2]},{"key":"152","type":0,"cbsCode":"1652","label":"Gemert-Bakel","status":4,"updated":1617091599,"parent":"511","topPartiesCurrent":[0,2,1],"topPartiesPrevious":[0,2,5]},{"key":"157","type":0,"cbsCode":"1658","label":"Heeze-Leende","status":4,"updated":1617091599,"parent":"511","topPartiesCurrent":[0,3,2],"topPartiesPrevious":[0,2,3]},{"key":"164","type":0,"cbsCode":"1948","label":"Meierijstad","status":4,"updated":1617091599,"parent":"511","topPartiesCurrent":[0,3,2],"topPartiesPrevious":[0,2,5]},{"key":"172","type":0,"cbsCode":"1667","label":"Reusel-De Mierden","status":4,"updated":1617091599,"parent":"511","topPartiesCurrent":[0,2,3],"topPartiesPrevious":[0,2,5]},{"key":"175","type":0,"cbsCode":"0796","label":"Den Bosch","status":4,"updated":1617091599,"parent":"511","topPartiesCurrent":[0,3,1],"topPartiesPrevious":[0,1,3]},{"key":"213","type":0,"cbsCode":"1911","label":"Hollands Kroon","status":4,"updated":1617091599,"parent":"508","topPartiesCurrent":[0,1,2],"topPartiesPrevious":[0,1,2]},{"key":"305","type":0,"cbsCode":"1901","label":"Bodegraven-Reeuwijk","status":4,"updated":1617091599,"parent":"509","topPartiesCurrent":[0,2,3],"topPartiesPrevious":[0,2,1]},{"key":"328","type":0,"cbsCode":"1842","label":"Midden-Delfland","status":4,"updated":1617091599,"parent":"509","topPartiesCurrent":[0,3,2],"topPartiesPrevious":[0,2,3]},{"key":"091","type":0,"cbsCode":"1952","label":"Midden-Groningen","status":4,"updated":1617091598,"parent":"501","topPartiesCurrent":[0,1,5],"topPartiesPrevious":[5,1,0]},{"key":"108","type":0,"cbsCode":"1507","label":"Horst aan de Maas","status":4,"updated":1617091598,"parent":"512","topPartiesCurrent":[0,2,3],"topPartiesPrevious":[2,0,5]},{"key":"134","type":0,"cbsCode":"0748","label":"Bergen op Zoom","status":4,"updated":1617091598,"parent":"511","topPartiesCurrent":[0,1,3],"topPartiesPrevious":[0,1,5]},{"key":"142","type":0,"cbsCode":"1706","label":"Cranendonck","status":4,"updated":1617091598,"parent":"511","topPartiesCurrent":[0,1,2],"topPartiesPrevious":[0,2,1]},{"key":"150","type":0,"cbsCode":"0779","label":"Geertruidenberg","status":4,"updated":1617091598,"parent":"511","topPartiesCurrent":[0,1,3],"topPartiesPrevious":[0,1,5]},{"key":"153","type":0,"cbsCode":"0784","label":"Gilze en Rijen","status":4,"updated":1617091598,"parent":"511","topPartiesCurrent":[0,3,1],"topPartiesPrevious":[0,1,2]},{"key":"203","type":0,"cbsCode":"0385","label":"Edam-Volendam","status":4,"updated":1617091598,"parent":"508","topPartiesCurrent":[1,0,2],"topPartiesPrevious":[0,2,1]},{"key":"210","type":0,"cbsCode":"0398","label":"Heerhugowaard","status":4,"updated":1617091598,"parent":"508","topPartiesCurrent":[0,3,1],"topPartiesPrevious":[0,3,1]},{"key":"314","type":0,"cbsCode":"0530","label":"Hellevoetsluis","status":4,"updated":1617091598,"parent":"509","topPartiesCurrent":[0,1,3],"topPartiesPrevious":[0,1,2]},{"key":"317","type":0,"cbsCode":"1963","label":"Hoeksche Waard","status":4,"updated":1617091598,"parent":"509","topPartiesCurrent":[0,1,3],"topPartiesPrevious":[0,1,2]},{"key":"318","type":0,"cbsCode":"1884","label":"Kaag en Braassem","status":4,"updated":1617091598,"parent":"509","topPartiesCurrent":[0,3,2],"topPartiesPrevious":[0,2,1]},{"key":"016","type":0,"cbsCode":"0171","label":"Noordoostpolder","status":4,"updated":1617091597,"parent":"505","topPartiesCurrent":[0,2,1],"topPartiesPrevious":[0,2,1]},{"key":"019","type":0,"cbsCode":"0059","label":"Achtkarspelen","status":4,"updated":1617091597,"parent":"502","topPartiesCurrent":[2,1,0],"topPartiesPrevious":[2,1,0]},{"key":"132","type":0,"cbsCode":"0744","label":"Baarle-Nassau","status":4,"updated":1617091597,"parent":"511","topPartiesCurrent":[0,2,1],"topPartiesPrevious":[0,2,1]},{"key":"133","type":0,"cbsCode":"1724","label":"Bergeijk","status":4,"updated":1617091597,"parent":"511","topPartiesCurrent":[0,2,3],"topPartiesPrevious":[0,2,1]},{"key":"148","type":0,"cbsCode":"0772","label":"Eindhoven","status":4,"updated":1617091597,"parent":"511","topPartiesCurrent":[0,3,1],"topPartiesPrevious":[0,3,1]},{"key":"176","type":0,"cbsCode":"1702","label":"Sint Anthonis","status":4,"updated":1617091597,"parent":"511","topPartiesCurrent":[0,2,3],"topPartiesPrevious":[2,0,5]},{"key":"179","type":0,"cbsCode":"0848","label":"Son en Breugel","status":4,"updated":1617091597,"parent":"511","topPartiesCurrent":[0,3,2],"topPartiesPrevious":[0,2,3]},{"key":"202","type":0,"cbsCode":"0498","label":"Drechterland","status":4,"updated":1617091597,"parent":"508","topPartiesCurrent":[0,3,2],"topPartiesPrevious":[0,2,1]},{"key":"207","type":0,"cbsCode":"0394","label":"Haarlemmermeer","status":4,"updated":1617091597,"parent":"508","topPartiesCurrent":[0,3,1],"topPartiesPrevious":[0,1,3]},{"key":"301","type":0,"cbsCode":"0482","label":"Alblasserdam","status":4,"updated":1617091597,"parent":"509","topPartiesCurrent":[0,10,1],"topPartiesPrevious":[10,0,1]},{"key":"302","type":0,"cbsCode":"0613","label":"Albrandswaard","status":4,"updated":1617091597,"parent":"509","topPartiesCurrent":[0,3,1],"topPartiesPrevious":[0,1,2]},{"key":"321","type":0,"cbsCode":"1931","label":"Krimpenerwaard","status":4,"updated":1617091597,"parent":"509","topPartiesCurrent":[0,3,2],"topPartiesPrevious":[0,2,1]},{"key":"129","type":0,"cbsCode":"1723","label":"Alphen-Chaam","status":4,"updated":1617091596,"parent":"511","topPartiesCurrent":[0,2,3],"topPartiesPrevious":[0,2,1]},{"key":"135","type":0,"cbsCode":"1721","label":"Bernheze","status":4,"updated":1617091596,"parent":"511","topPartiesCurrent":[0,2,3],"topPartiesPrevious":[0,2,5]},{"key":"160","type":0,"cbsCode":"0798","label":"Hilvarenbeek","status":4,"updated":1617091596,"parent":"511","topPartiesCurrent":[0,3,2],"topPartiesPrevious":[0,2,3]},{"key":"161","type":0,"cbsCode":"1659","label":"Laarbeek","status":4,"updated":1617091596,"parent":"511","topPartiesCurrent":[0,2,1],"topPartiesPrevious":[0,2,1]},{"key":"163","type":0,"cbsCode":"0809","label":"Loon op Zand","status":4,"updated":1617091596,"parent":"511","topPartiesCurrent":[0,1,3],"topPartiesPrevious":[0,1,2]},{"key":"183","type":0,"cbsCode":"0858","label":"Valkenswaard","status":4,"updated":1617091596,"parent":"511","topPartiesCurrent":[0,1,3],"topPartiesPrevious":[0,1,2]},{"key":"205","type":0,"cbsCode":"1942","label":"Gooise Meren","status":4,"updated":1617091596,"parent":"508","topPartiesCurrent":[0,3,2],"topPartiesPrevious":[0,3,2]},{"key":"247","type":0,"cbsCode":"1735","label":"Hof van Twente","status":4,"updated":1617091596,"parent":"504","topPartiesCurrent":[0,2,3],"topPartiesPrevious":[0,2,3]},{"key":"293","type":0,"cbsCode":"1695","label":"Noord-Beveland","status":4,"updated":1617091596,"parent":"510","topPartiesCurrent":[0,1,2],"topPartiesPrevious":[0,1,2]},{"key":"295","type":0,"cbsCode":"1676","label":"Schouwen-Duiveland","status":4,"updated":1617091596,"parent":"510","topPartiesCurrent":[0,3,2],"topPartiesPrevious":[0,2,1]},{"key":"322","type":0,"cbsCode":"1621","label":"Lansingerland","status":4,"updated":1617091596,"parent":"509","topPartiesCurrent":[0,3,1],"topPartiesPrevious":[0,2,1]},{"key":"329","type":0,"cbsCode":"1978","label":"Molenlanden","status":4,"updated":1617091596,"parent":"509","topPartiesCurrent":[0,10,2],"topPartiesPrevious":[0,2,10]},{"key":"335","type":0,"cbsCode":"1926","label":"Pijnacker-Nootdorp","status":4,"updated":1617091596,"parent":"509","topPartiesCurrent":[0,3,1],"topPartiesPrevious":[0,3,1]},{"key":"033","type":0,"cbsCode":"0737","label":"Tytsjerksteradiel","status":4,"updated":1617091595,"parent":"502","topPartiesCurrent":[2,0,3],"topPartiesPrevious":[2,0,1]},{"key":"081","type":0,"cbsCode":"0668","label":"West Maas en Waal","status":4,"updated":1617091595,"parent":"506","topPartiesCurrent":[0,1,2],"topPartiesPrevious":[0,1,2]},{"key":"090","type":0,"cbsCode":"1966","label":"Het Hogeland","status":4,"updated":1617091595,"parent":"501","topPartiesCurrent":[2,0,3],"topPartiesPrevious":[2,5,0]},{"key":"103","type":0,"cbsCode":"1711","label":"Echt-Susteren","status":4,"updated":1617091595,"parent":"512","topPartiesCurrent":[1,0,2],"topPartiesPrevious":[1,2,0]},{"key":"106","type":0,"cbsCode":"1729","label":"Gulpen-Wittem","status":4,"updated":1617091595,"parent":"512","topPartiesCurrent":[0,2,1],"topPartiesPrevious":[2,1,0]},{"key":"139","type":0,"cbsCode":"0756","label":"Boxmeer","status":4,"updated":1617091595,"parent":"511","topPartiesCurrent":[0,2,3],"topPartiesPrevious":[5,0,2]},{"key":"158","type":0,"cbsCode":"0794","label":"Helmond","status":4,"updated":1617091595,"parent":"511","topPartiesCurrent":[0,1,3],"topPartiesPrevious":[0,1,5]},{"key":"159","type":0,"cbsCode":"0797","label":"Heusden","status":4,"updated":1617091595,"parent":"511","topPartiesCurrent":[0,3,1],"topPartiesPrevious":[0,1,2]},{"key":"162","type":0,"cbsCode":"1685","label":"Landerd","status":4,"updated":1617091595,"parent":"511","topPartiesCurrent":[0,2,3],"topPartiesPrevious":[0,2,5]},{"key":"198","type":0,"cbsCode":"0377","label":"Bloemendaal","status":4,"updated":1617091595,"parent":"508","topPartiesCurrent":[0,3,2],"topPartiesPrevious":[0,3,2]},{"key":"200","type":0,"cbsCode":"0400","label":"Den Helder","status":4,"updated":1617091595,"parent":"508","topPartiesCurrent":[0,1,3],"topPartiesPrevious":[0,1,2]},{"key":"216","type":0,"cbsCode":"1598","label":"Koggenland","status":4,"updated":1617091595,"parent":"508","topPartiesCurrent":[0,3,2],"topPartiesPrevious":[0,2,1]},{"key":"281","type":0,"cbsCode":"1581","label":"Utrechtse Heuvelrug","status":4,"updated":1617091595,"parent":"507","topPartiesCurrent":[0,3,2],"topPartiesPrevious":[0,3,2]},{"key":"304","type":0,"cbsCode":"0489","label":"Barendrecht","status":4,"updated":1617091595,"parent":"509","topPartiesCurrent":[0,3,1],"topPartiesPrevious":[0,1,2]},{"key":"027","type":0,"cbsCode":"0085","label":"Ooststellingwerf","status":4,"updated":1617091594,"parent":"502","topPartiesCurrent":[0,2,1],"topPartiesPrevious":[0,2,1]},{"key":"064","type":0,"cbsCode":"1740","label":"Neder-Betuwe","status":4,"updated":1617091594,"parent":"506","topPartiesCurrent":[10,0,1],"topPartiesPrevious":[10,0,1]},{"key":"137","type":0,"cbsCode":"1728","label":"Bladel","status":4,"updated":1617091594,"parent":"511","topPartiesCurrent":[0,2,3],"topPartiesPrevious":[0,2,5]},{"key":"140","type":0,"cbsCode":"0757","label":"Boxtel","status":4,"updated":1617091594,"parent":"511","topPartiesCurrent":[0,3,2],"topPartiesPrevious":[0,5,2]},{"key":"144","type":0,"cbsCode":"0762","label":"Deurne","status":4,"updated":1617091594,"parent":"511","topPartiesCurrent":[0,2,1],"topPartiesPrevious":[0,2,1]},{"key":"156","type":0,"cbsCode":"1655","label":"Halderberge","status":4,"updated":1617091594,"parent":"511","topPartiesCurrent":[0,1,3],"topPartiesPrevious":[0,1,2]},{"key":"199","type":0,"cbsCode":"0383","label":"Castricum","status":4,"updated":1617091594,"parent":"508","topPartiesCurrent":[0,3,2],"topPartiesPrevious":[0,3,2]},{"key":"204","type":0,"cbsCode":"0388","label":"Enkhuizen","status":4,"updated":1617091594,"parent":"508","topPartiesCurrent":[0,3,1],"topPartiesPrevious":[0,1,3]},{"key":"217","type":0,"cbsCode":"0415","label":"Landsmeer","status":4,"updated":1617091594,"parent":"508","topPartiesCurrent":[0,3,1],"topPartiesPrevious":[0,3,1]},{"key":"218","type":0,"cbsCode":"0416","label":"Langedijk","status":4,"updated":1617091594,"parent":"508","topPartiesCurrent":[0,3,2],"topPartiesPrevious":[0,3,2]},{"key":"220","type":0,"cbsCode":"0420","label":"Medemblik","status":4,"updated":1617091594,"parent":"508","topPartiesCurrent":[0,3,2],"topPartiesPrevious":[0,2,1]},{"key":"267","type":0,"cbsCode":"0736","label":"De Ronde Venen","status":4,"updated":1617091594,"parent":"507","topPartiesCurrent":[0,3,2],"topPartiesPrevious":[0,2,3]},{"key":"339","type":0,"cbsCode":"0518","label":"Den Haag","status":4,"updated":1617091594,"parent":"509","topPartiesCurrent":[0,3,1],"topPartiesPrevious":[0,1,3]},{"key":"009","type":0,"cbsCode":"1731","label":"Midden-Drenthe","status":4,"updated":1617091593,"parent":"503","topPartiesCurrent":[0,2,3],"topPartiesPrevious":[0,2,1]},{"key":"021","type":0,"cbsCode":"1891","label":"Dantumadiel","status":4,"updated":1617091593,"parent":"502","topPartiesCurrent":[2,1,0],"topPartiesPrevious":[2,1,5]},{"key":"025","type":0,"cbsCode":"0080","label":"Leeuwarden","status":4,"updated":1617091593,"parent":"502","topPartiesCurrent":[3,0,6],"topPartiesPrevious":[0,3,4]},{"key":"036","type":0,"cbsCode":"0098","label":"Weststellingwerf","status":4,"updated":1617091593,"parent":"502","topPartiesCurrent":[0,1,2],"topPartiesPrevious":[0,2,1]},{"key":"041","type":0,"cbsCode":"1945","label":"Berg en Dal","status":4,"updated":1617091593,"parent":"506","topPartiesCurrent":[0,3,1],"topPartiesPrevious":[0,1,5]},{"key":"070","type":0,"cbsCode":"1509","label":"Oude IJsselstreek","status":4,"updated":1617091593,"parent":"506","topPartiesCurrent":[0,2,3],"topPartiesPrevious":[0,2,5]},{"key":"138","type":0,"cbsCode":"0755","label":"Boekel","status":4,"updated":1617091593,"parent":"511","topPartiesCurrent":[0,2,3],"topPartiesPrevious":[0,2,5]},{"key":"147","type":0,"cbsCode":"0770","label":"Eersel","status":4,"updated":1617091593,"parent":"511","topPartiesCurrent":[0,2,3],"topPartiesPrevious":[0,2,5]},{"key":"149","type":0,"cbsCode":"0777","label":"Etten-Leur","status":4,"updated":1617091593,"parent":"511","topPartiesCurrent":[0,3,1],"topPartiesPrevious":[0,1,2]},{"key":"192","type":0,"cbsCode":"0362","label":"Amstelveen","status":4,"updated":1617091593,"parent":"508","topPartiesCurrent":[0,3,1],"topPartiesPrevious":[0,3,4]},{"key":"193","type":0,"cbsCode":"0363","label":"Amsterdam","status":4,"updated":1617091593,"parent":"508","topPartiesCurrent":[3,0,4],"topPartiesPrevious":[4,3,0]},{"key":"284","type":0,"cbsCode":"0352","label":"Wijk bij Duurstede","status":4,"updated":1617091593,"parent":"507","topPartiesCurrent":[0,3,1],"topPartiesPrevious":[0,1,2]},{"key":"331","type":0,"cbsCode":"1930","label":"Nissewaard","status":4,"updated":1617091593,"parent":"509","topPartiesCurrent":[0,1,3],"topPartiesPrevious":[1,0,5]},{"key":"024","type":0,"cbsCode":"0074","label":"Heerenveen","status":4,"updated":1617091592,"parent":"502","topPartiesCurrent":[0,3,2],"topPartiesPrevious":[0,2,5]},{"key":"029","type":0,"cbsCode":"0088","label":"Schiermonnikoog","status":4,"updated":1617091592,"parent":"502","topPartiesCurrent":[3,0,6],"topPartiesPrevious":[0,4,2]},{"key":"063","type":0,"cbsCode":"1955","label":"Montferland","status":4,"updated":1617091592,"parent":"506","topPartiesCurrent":[0,1,2],"topPartiesPrevious":[0,2,1]},{"key":"131","type":0,"cbsCode":"0743","label":"Asten","status":4,"updated":1617091592,"parent":"511","topPartiesCurrent":[0,2,3],"topPartiesPrevious":[0,2,1]},{"key":"143","type":0,"cbsCode":"1684","label":"Cuijk","status":4,"updated":1617091592,"parent":"511","topPartiesCurrent":[0,3,1],"topPartiesPrevious":[0,5,2]},{"key":"155","type":0,"cbsCode":"0786","label":"Grave","status":4,"updated":1617091592,"parent":"511","topPartiesCurrent":[0,3,1],"topPartiesPrevious":[0,5,2]},{"key":"194","type":0,"cbsCode":"0370","label":"Beemster","status":4,"updated":1617091592,"parent":"508","topPartiesCurrent":[0,3,1],"topPartiesPrevious":[0,3,2]},{"key":"243","type":0,"cbsCode":"0158","label":"Haaksbergen","status":4,"updated":1617091592,"parent":"504","topPartiesCurrent":[0,2,3],"topPartiesPrevious":[2,0,1]},{"key":"245","type":0,"cbsCode":"0163","label":"Hellendoorn","status":4,"updated":1617091592,"parent":"504","topPartiesCurrent":[2,0,3],"topPartiesPrevious":[2,0,1]},{"key":"309","type":0,"cbsCode":"0505","label":"Dordrecht","status":4,"updated":1617091592,"parent":"509","topPartiesCurrent":[0,3,1],"topPartiesPrevious":[0,1,3]},{"key":"311","type":0,"cbsCode":"0512","label":"Gorinchem","status":4,"updated":1617091592,"parent":"509","topPartiesCurrent":[0,3,1],"topPartiesPrevious":[0,1,3]},{"key":"324","type":0,"cbsCode":"0547","label":"Leiderdorp","status":4,"updated":1617091592,"parent":"509","topPartiesCurrent":[0,3,1],"topPartiesPrevious":[0,3,2]},{"key":"327","type":0,"cbsCode":"0556","label":"Maassluis","status":4,"updated":1617091592,"parent":"509","topPartiesCurrent":[0,1,3],"topPartiesPrevious":[0,1,2]},{"key":"355","type":0,"cbsCode":null,"label":"Sint Eustatius","status":4,"updated":1617091592,"parent":null,"topPartiesCurrent":[28,2,3],"topPartiesPrevious":[2,3,4]},{"key":"003","type":0,"cbsCode":"1681","label":"Borger-Odoorn","status":4,"updated":1617091591,"parent":"503","topPartiesCurrent":[0,1,3],"topPartiesPrevious":[0,1,5]},{"key":"023","type":0,"cbsCode":"0072","label":"Harlingen","status":4,"updated":1617091591,"parent":"502","topPartiesCurrent":[0,1,2],"topPartiesPrevious":[0,2,1]},{"key":"030","type":0,"cbsCode":"0090","label":"Smallingerland","status":4,"updated":1617091591,"parent":"502","topPartiesCurrent":[0,2,3],"topPartiesPrevious":[2,0,5]},{"key":"044","type":0,"cbsCode":"1876","label":"Bronckhorst","status":4,"updated":1617091591,"parent":"506","topPartiesCurrent":[0,2,3],"topPartiesPrevious":[0,2,3]},{"key":"099","type":0,"cbsCode":"1954","label":"Beekdaelen","status":4,"updated":1617091591,"parent":"512","topPartiesCurrent":[0,1,2],"topPartiesPrevious":[1,0,2]},{"key":"113","type":0,"cbsCode":"0935","label":"Maastricht","status":4,"updated":1617091591,"parent":"512","topPartiesCurrent":[0,3,1],"topPartiesPrevious":[1,0,3]},{"key":"116","type":0,"cbsCode":"0946","label":"Nederweert","status":4,"updated":1617091591,"parent":"512","topPartiesCurrent":[0,2,1],"topPartiesPrevious":[0,2,1]},{"key":"146","type":0,"cbsCode":"1719","label":"Drimmelen","status":4,"updated":1617091591,"parent":"511","topPartiesCurrent":[0,1,3],"topPartiesPrevious":[0,1,2]},{"key":"184","type":0,"cbsCode":"0861","label":"Veldhoven","status":4,"updated":1617091591,"parent":"511","topPartiesCurrent":[0,3,1],"topPartiesPrevious":[0,1,2]},{"key":"196","type":0,"cbsCode":"0375","label":"Beverwijk","status":4,"updated":1617091591,"parent":"508","topPartiesCurrent":[0,3,1],"topPartiesPrevious":[0,1,3]},{"key":"208","type":0,"cbsCode":"0396","label":"Heemskerk","status":4,"updated":1617091591,"parent":"508","topPartiesCurrent":[0,3,1],"topPartiesPrevious":[0,1,3]},{"key":"209","type":0,"cbsCode":"0397","label":"Heemstede","status":4,"updated":1617091591,"parent":"508","topPartiesCurrent":[0,3,2],"topPartiesPrevious":[0,3,2]},{"key":"212","type":0,"cbsCode":"0402","label":"Hilversum","status":4,"updated":1617091591,"parent":"508","topPartiesCurrent":[0,3,1],"topPartiesPrevious":[0,3,4]},{"key":"042","type":0,"cbsCode":"1859","label":"Berkelland","status":4,"updated":1617091590,"parent":"506","topPartiesCurrent":[0,2,3],"topPartiesPrevious":[0,2,5]},{"key":"043","type":0,"cbsCode":"0209","label":"Beuningen","status":4,"updated":1617091590,"parent":"506","topPartiesCurrent":[0,3,1],"topPartiesPrevious":[0,1,2]},{"key":"047","type":0,"cbsCode":"0216","label":"Culemborg","status":4,"updated":1617091590,"parent":"506","topPartiesCurrent":[0,3,1],"topPartiesPrevious":[0,1,3]},{"key":"049","type":0,"cbsCode":"0222","label":"Doetinchem","status":4,"updated":1617091590,"parent":"506","topPartiesCurrent":[0,3,1],"topPartiesPrevious":[0,2,3]},{"key":"056","type":0,"cbsCode":"0243","label":"Harderwijk","status":4,"updated":1617091590,"parent":"506","topPartiesCurrent":[0,3,2],"topPartiesPrevious":[0,2,1]},{"key":"060","type":0,"cbsCode":"1705","label":"Lingewaard","status":4,"updated":1617091590,"parent":"506","topPartiesCurrent":[0,3,1],"topPartiesPrevious":[0,2,3]},{"key":"062","type":0,"cbsCode":"0263","label":"Maasdriel","status":4,"updated":1617091590,"parent":"506","topPartiesCurrent":[0,1,2],"topPartiesPrevious":[0,1,2]},{"key":"088","type":0,"cbsCode":"1979","label":"Eemsdelta","status":4,"updated":1617091590,"parent":"501","topPartiesCurrent":[0,5,1],"topPartiesPrevious":[5,2,1]},{"key":"089","type":0,"cbsCode":"0014","label":"Groningen","status":4,"updated":1617091590,"parent":"501","topPartiesCurrent":[3,0,4],"topPartiesPrevious":[3,4,0]},{"key":"096","type":0,"cbsCode":"1969","label":"Westerkwartier","status":4,"updated":1617091590,"parent":"501","topPartiesCurrent":[0,2,3],"topPartiesPrevious":[2,0,5]},{"key":"136","type":0,"cbsCode":"0753","label":"Best","status":4,"updated":1617091590,"parent":"511","topPartiesCurrent":[0,3,1],"topPartiesPrevious":[0,2,1]},{"key":"191","type":0,"cbsCode":"0361","label":"Alkmaar","status":4,"updated":1617091590,"parent":"508","topPartiesCurrent":[0,3,1],"topPartiesPrevious":[0,3,4]},{"key":"292","type":0,"cbsCode":"0687","label":"Middelburg","status":4,"updated":1617091590,"parent":"510","topPartiesCurrent":[0,3,2],"topPartiesPrevious":[0,2,3]},{"key":"166","type":0,"cbsCode":"1709","label":"Moerdijk","status":4,"updated":1617091589,"parent":"511","topPartiesCurrent":[0,1,3],"topPartiesPrevious":[0,1,2]},{"key":"168","type":0,"cbsCode":"0823","label":"Oirschot","status":4,"updated":1617091589,"parent":"511","topPartiesCurrent":[0,2,3],"topPartiesPrevious":[0,2,1]},{"key":"190","type":0,"cbsCode":"0358","label":"Aalsmeer","status":4,"updated":1617091589,"parent":"508","topPartiesCurrent":[0,3,2],"topPartiesPrevious":[0,2,1]},{"key":"197","type":0,"cbsCode":"0376","label":"Blaricum","status":4,"updated":1617091589,"parent":"508","topPartiesCurrent":[0,3,2],"topPartiesPrevious":[0,3,2]},{"key":"226","type":0,"cbsCode":"0532","label":"Stede Broec","status":4,"updated":1617091589,"parent":"508","topPartiesCurrent":[0,3,1],"topPartiesPrevious":[0,1,2]},{"key":"241","type":0,"cbsCode":"1774","label":"Dinkelland","status":4,"updated":1617091589,"parent":"504","topPartiesCurrent":[2,0,1],"topPartiesPrevious":[2,0,1]},{"key":"244","type":0,"cbsCode":"0160","label":"Hardenberg","status":4,"updated":1617091589,"parent":"504","topPartiesCurrent":[2,0,7],"topPartiesPrevious":[2,0,7]},{"key":"256","type":0,"cbsCode":"1708","label":"Steenwijkerland","status":4,"updated":1617091589,"parent":"504","topPartiesCurrent":[0,2,1],"topPartiesPrevious":[0,2,1]},{"key":"260","type":0,"cbsCode":"1896","label":"Zwartewaterland","status":4,"updated":1617091589,"parent":"504","topPartiesCurrent":[10,7,2],"topPartiesPrevious":[10,2,7]},{"key":"270","type":0,"cbsCode":"0353","label":"IJsselstein","status":4,"updated":1617091589,"parent":"507","topPartiesCurrent":[0,3,1],"topPartiesPrevious":[0,3,1]},{"key":"283","type":0,"cbsCode":"1961","label":"Vijfheerenlanden","status":4,"updated":1617091589,"parent":"507","topPartiesCurrent":[0,2,1],"topPartiesPrevious":[0,2,1]},{"key":"330","type":0,"cbsCode":"0569","label":"Nieuwkoop","status":4,"updated":1617091589,"parent":"509","topPartiesCurrent":[0,2,3],"topPartiesPrevious":[0,2,1]},{"key":"332","type":0,"cbsCode":"0575","label":"Noordwijk","status":4,"updated":1617091589,"parent":"509","topPartiesCurrent":[0,3,1],"topPartiesPrevious":[0,1,2]},{"key":"001","type":0,"cbsCode":"1680","label":"Aa en Hunze","status":4,"updated":1617091588,"parent":"503","topPartiesCurrent":[0,3,6],"topPartiesPrevious":[0,3,5]},{"key":"038","type":0,"cbsCode":"0200","label":"Apeldoorn","status":4,"updated":1617091588,"parent":"506","topPartiesCurrent":[0,3,1],"topPartiesPrevious":[0,2,3]},{"key":"066","type":0,"cbsCode":"0268","label":"Nijmegen","status":4,"updated":1617091588,"parent":"506","topPartiesCurrent":[3,0,4],"topPartiesPrevious":[4,3,0]},{"key":"110","type":0,"cbsCode":"0882","label":"Landgraaf","status":4,"updated":1617091588,"parent":"512","topPartiesCurrent":[1,0,5],"topPartiesPrevious":[1,5,0]},{"key":"121","type":0,"cbsCode":"1883","label":"Sittard-Geleen","status":4,"updated":1617091588,"parent":"512","topPartiesCurrent":[0,1,3],"topPartiesPrevious":[1,0,2]},{"key":"195","type":0,"cbsCode":"0373","label":"Bergen (NH.)","status":4,"updated":1617091588,"parent":"508","topPartiesCurrent":[0,3,1],"topPartiesPrevious":[0,3,1]},{"key":"211","type":0,"cbsCode":"0399","label":"Heiloo","status":4,"updated":1617091588,"parent":"508","topPartiesCurrent":[0,3,2],"topPartiesPrevious":[0,3,2]},{"key":"254","type":0,"cbsCode":"1742","label":"Rijssen-Holten","status":4,"updated":1617091588,"parent":"504","topPartiesCurrent":[10,2,0],"topPartiesPrevious":[10,2,0]},{"key":"262","type":0,"cbsCode":"0307","label":"Amersfoort","status":4,"updated":1617091588,"parent":"507","topPartiesCurrent":[0,3,4],"topPartiesPrevious":[0,3,4]},{"key":"265","type":0,"cbsCode":"0313","label":"Bunschoten","status":4,"updated":1617091588,"parent":"507","topPartiesCurrent":[7,2,0],"topPartiesPrevious":[7,2,0]},{"key":"306","type":0,"cbsCode":"0501","label":"Brielle","status":4,"updated":1617091588,"parent":"509","topPartiesCurrent":[0,1,3],"topPartiesPrevious":[0,1,2]},{"key":"316","type":0,"cbsCode":"0534","label":"Hillegom","status":4,"updated":1617091588,"parent":"509","topPartiesCurrent":[0,3,1],"topPartiesPrevious":[0,1,2]},{"key":"010","type":0,"cbsCode":"1699","label":"Noordenveld","status":4,"updated":1617091587,"parent":"503","topPartiesCurrent":[0,3,6],"topPartiesPrevious":[0,3,2]},{"key":"015","type":0,"cbsCode":"0995","label":"Lelystad","status":4,"updated":1617091587,"parent":"505","topPartiesCurrent":[0,1,3],"topPartiesPrevious":[0,1,3]},{"key":"020","type":0,"cbsCode":"0060","label":"Ameland","status":4,"updated":1617091587,"parent":"502","topPartiesCurrent":[0,2,3],"topPartiesPrevious":[0,2,1]},{"key":"032","type":0,"cbsCode":"0093","label":"Terschelling","status":4,"updated":1617091587,"parent":"502","topPartiesCurrent":[0,3,6],"topPartiesPrevious":[0,3,6]},{"key":"040","type":0,"cbsCode":"0203","label":"Barneveld","status":4,"updated":1617091587,"parent":"506","topPartiesCurrent":[10,0,2],"topPartiesPrevious":[10,2,0]},{"key":"109","type":0,"cbsCode":"0928","label":"Kerkrade","status":4,"updated":1617091587,"parent":"512","topPartiesCurrent":[1,0,12],"topPartiesPrevious":[1,5,0]},{"key":"178","type":0,"cbsCode":"0847","label":"Someren","status":4,"updated":1617091587,"parent":"511","topPartiesCurrent":[0,2,1],"topPartiesPrevious":[0,2,1]},{"key":"206","type":0,"cbsCode":"0392","label":"Haarlem","status":4,"updated":1617091587,"parent":"508","topPartiesCurrent":[3,0,4],"topPartiesPrevious":[0,3,4]},{"key":"223","type":0,"cbsCode":"0437","label":"Ouder-Amstel","status":4,"updated":1617091587,"parent":"508","topPartiesCurrent":[0,3,2],"topPartiesPrevious":[0,3,4]},{"key":"274","type":0,"cbsCode":"0356","label":"Nieuwegein","status":4,"updated":1617091587,"parent":"507","topPartiesCurrent":[0,3,1],"topPartiesPrevious":[0,1,3]},{"key":"334","type":0,"cbsCode":"0590","label":"Papendrecht","status":4,"updated":1617091587,"parent":"509","topPartiesCurrent":[0,3,1],"topPartiesPrevious":[0,1,2]},{"key":"343","type":0,"cbsCode":"0622","label":"Vlaardingen","status":4,"updated":1617091587,"parent":"509","topPartiesCurrent":[0,1,3],"topPartiesPrevious":[0,1,2]},{"key":"352","type":0,"cbsCode":"0642","label":"Zwijndrecht","status":4,"updated":1617091587,"parent":"509","topPartiesCurrent":[0,1,3],"topPartiesPrevious":[0,1,2]},{"key":"048","type":0,"cbsCode":"0221","label":"Doesburg","status":4,"updated":1617091586,"parent":"506","topPartiesCurrent":[0,3,1],"topPartiesPrevious":[0,5,1]},{"key":"102","type":0,"cbsCode":"0899","label":"Brunssum","status":4,"updated":1617091586,"parent":"512","topPartiesCurrent":[1,0,5],"topPartiesPrevious":[1,5,0]},{"key":"112","type":0,"cbsCode":"1641","label":"Maasgouw","status":4,"updated":1617091586,"parent":"512","topPartiesCurrent":[0,1,3],"topPartiesPrevious":[0,1,2]},{"key":"114","type":0,"cbsCode":"0938","label":"Meerssen","status":4,"updated":1617091586,"parent":"512","topPartiesCurrent":[0,1,3],"topPartiesPrevious":[0,1,2]},{"key":"154","type":0,"cbsCode":"0785","label":"Goirle","status":4,"updated":1617091586,"parent":"511","topPartiesCurrent":[0,3,1],"topPartiesPrevious":[0,3,2]},{"key":"180","type":0,"cbsCode":"0851","label":"Steenbergen","status":4,"updated":1617091586,"parent":"511","topPartiesCurrent":[0,1,3],"topPartiesPrevious":[0,1,2]},{"key":"188","type":0,"cbsCode":"0873","label":"Woensdrecht","status":4,"updated":1617091586,"parent":"511","topPartiesCurrent":[0,1,3],"topPartiesPrevious":[0,1,2]},{"key":"201","type":0,"cbsCode":"0384","label":"Diemen","status":4,"updated":1617091586,"parent":"508","topPartiesCurrent":[3,0,4],"topPartiesPrevious":[0,4,3]},{"key":"214","type":0,"cbsCode":"0405","label":"Hoorn","status":4,"updated":1617091586,"parent":"508","topPartiesCurrent":[0,3,1],"topPartiesPrevious":[0,3,1]},{"key":"215","type":0,"cbsCode":"0406","label":"Huizen","status":4,"updated":1617091586,"parent":"508","topPartiesCurrent":[0,3,2],"topPartiesPrevious":[0,2,3]},{"key":"234","type":0,"cbsCode":"0880","label":"Wormerland","status":4,"updated":1617091586,"parent":"508","topPartiesCurrent":[0,3,1],"topPartiesPrevious":[0,1,3]},{"key":"240","type":0,"cbsCode":"0150","label":"Deventer","status":4,"updated":1617091586,"parent":"504","topPartiesCurrent":[0,3,1],"topPartiesPrevious":[0,3,4]},{"key":"242","type":0,"cbsCode":"0153","label":"Enschede","status":4,"updated":1617091586,"parent":"504","topPartiesCurrent":[0,3,1],"topPartiesPrevious":[0,1,3]},{"key":"319","type":0,"cbsCode":"0537","label":"Katwijk","status":4,"updated":1617091586,"parent":"509","topPartiesCurrent":[0,2,1],"topPartiesPrevious":[2,0,1]},{"key":"014","type":0,"cbsCode":"0303","label":"Dronten","status":4,"updated":1617091585,"parent":"505","topPartiesCurrent":[0,2,3],"topPartiesPrevious":[0,2,1]},{"key":"107","type":0,"cbsCode":"0917","label":"Heerlen","status":4,"updated":1617091585,"parent":"512","topPartiesCurrent":[1,0,5],"topPartiesPrevious":[1,5,0]},{"key":"117","type":0,"cbsCode":"1894","label":"Peel en Maas","status":4,"updated":1617091585,"parent":"512","topPartiesCurrent":[0,2,1],"topPartiesPrevious":[2,0,1]},{"key":"130","type":0,"cbsCode":"1959","label":"Altena","status":4,"updated":1617091585,"parent":"511","topPartiesCurrent":[0,2,10],"topPartiesPrevious":[0,2,1]},{"key":"145","type":0,"cbsCode":"0766","label":"Dongen","status":4,"updated":1617091585,"parent":"511","topPartiesCurrent":[0,3,1],"topPartiesPrevious":[0,2,1]},{"key":"186","type":0,"cbsCode":"0866","label":"Waalre","status":4,"updated":1617091585,"parent":"511","topPartiesCurrent":[0,3,2],"topPartiesPrevious":[0,3,2]},{"key":"224","type":0,"cbsCode":"0439","label":"Purmerend","status":4,"updated":1617091585,"parent":"508","topPartiesCurrent":[0,1,3],"topPartiesPrevious":[0,1,3]},{"key":"231","type":0,"cbsCode":"0852","label":"Waterland","status":4,"updated":1617091585,"parent":"508","topPartiesCurrent":[0,3,2],"topPartiesPrevious":[0,2,3]},{"key":"273","type":0,"cbsCode":"0335","label":"Montfoort","status":4,"updated":1617091585,"parent":"507","topPartiesCurrent":[0,3,2],"topPartiesPrevious":[0,2,1]},{"key":"279","type":0,"cbsCode":"1904","label":"Stichtse Vecht","status":4,"updated":1617091585,"parent":"507","topPartiesCurrent":[0,3,1],"topPartiesPrevious":[0,3,1]},{"key":"336","type":0,"cbsCode":"0597","label":"Ridderkerk","status":4,"updated":1617091585,"parent":"509","topPartiesCurrent":[0,1,3],"topPartiesPrevious":[0,1,2]},{"key":"348","type":0,"cbsCode":"0614","label":"Westvoorne","status":4,"updated":1617091585,"parent":"509","topPartiesCurrent":[0,1,3],"topPartiesPrevious":[0,1,2]},{"key":"005","type":0,"cbsCode":"1690","label":"De Wolden","status":4,"updated":1617091584,"parent":"503","topPartiesCurrent":[0,2,3],"topPartiesPrevious":[0,2,3]},{"key":"007","type":0,"cbsCode":"0118","label":"Hoogeveen","status":4,"updated":1617091584,"parent":"503","topPartiesCurrent":[0,1,2],"topPartiesPrevious":[2,0,1]},{"key":"045","type":0,"cbsCode":"0213","label":"Brummen","status":4,"updated":1617091584,"parent":"506","topPartiesCurrent":[0,3,1],"topPartiesPrevious":[0,2,3]},{"key":"050","type":0,"cbsCode":"0225","label":"Druten","status":4,"updated":1617091584,"parent":"506","topPartiesCurrent":[0,3,1],"topPartiesPrevious":[0,1,5]},{"key":"065","type":0,"cbsCode":"0267","label":"Nijkerk","status":4,"updated":1617091584,"parent":"506","topPartiesCurrent":[0,2,7],"topPartiesPrevious":[0,2,1]},{"key":"080","type":0,"cbsCode":"1960","label":"West Betuwe","status":4,"updated":1617091584,"parent":"506","topPartiesCurrent":[0,1,2],"topPartiesPrevious":[0,1,2]},{"key":"169","type":0,"cbsCode":"0824","label":"Oisterwijk","status":4,"updated":1617091584,"parent":"511","topPartiesCurrent":[0,3,2],"topPartiesPrevious":[0,2,3]},{"key":"170","type":0,"cbsCode":"0826","label":"Oosterhout","status":4,"updated":1617091584,"parent":"511","topPartiesCurrent":[0,3,1],"topPartiesPrevious":[0,1,2]},{"key":"288","type":0,"cbsCode":"0654","label":"Borsele","status":4,"updated":1617091584,"parent":"510","topPartiesCurrent":[0,10,2],"topPartiesPrevious":[0,2,10]},{"key":"291","type":0,"cbsCode":"0678","label":"Kapelle","status":4,"updated":1617091584,"parent":"510","topPartiesCurrent":[0,10,2],"topPartiesPrevious":[0,2,10]},{"key":"308","type":0,"cbsCode":"0503","label":"Delft","status":4,"updated":1617091584,"parent":"509","topPartiesCurrent":[3,0,4],"topPartiesPrevious":[3,0,4]},{"key":"323","type":0,"cbsCode":"0546","label":"Leiden","status":4,"updated":1617091584,"parent":"509","topPartiesCurrent":[3,0,4],"topPartiesPrevious":[3,4,0]},{"key":"341","type":0,"cbsCode":"0610","label":"Sliedrecht","status":4,"updated":1617091584,"parent":"509","topPartiesCurrent":[0,10,7],"topPartiesPrevious":[0,10,1]},{"key":"004","type":0,"cbsCode":"0109","label":"Coevorden","status":4,"updated":1617091583,"parent":"503","topPartiesCurrent":[0,1,2],"topPartiesPrevious":[0,2,1]},{"key":"059","type":0,"cbsCode":"0252","label":"Heumen","status":4,"updated":1617091583,"parent":"506","topPartiesCurrent":[0,3,2],"topPartiesPrevious":[0,3,2]},{"key":"076","type":0,"cbsCode":"0279","label":"Scherpenzeel","status":4,"updated":1617091583,"parent":"506","topPartiesCurrent":[0,10,2],"topPartiesPrevious":[0,10,2]},{"key":"094","type":0,"cbsCode":"0037","label":"Stadskanaal","status":4,"updated":1617091583,"parent":"501","topPartiesCurrent":[1,0,2],"topPartiesPrevious":[2,5,1]},{"key":"097","type":0,"cbsCode":"1950","label":"Westerwolde","status":4,"updated":1617091583,"parent":"501","topPartiesCurrent":[1,0,2],"topPartiesPrevious":[1,5,0]},{"key":"141","type":0,"cbsCode":"0758","label":"Breda","status":4,"updated":1617091583,"parent":"511","topPartiesCurrent":[0,3,1],"topPartiesPrevious":[0,3,1]},{"key":"173","type":0,"cbsCode":"1674","label":"Roosendaal","status":4,"updated":1617091583,"parent":"511","topPartiesCurrent":[0,1,3],"topPartiesPrevious":[0,1,2]},{"key":"219","type":0,"cbsCode":"0417","label":"Laren","status":4,"updated":1617091583,"parent":"508","topPartiesCurrent":[0,3,2],"topPartiesPrevious":[0,3,2]},{"key":"233","type":0,"cbsCode":"1696","label":"Wijdemeren","status":4,"updated":1617091583,"parent":"508","topPartiesCurrent":[0,3,2],"topPartiesPrevious":[0,2,3]},{"key":"239","type":0,"cbsCode":"0148","label":"Dalfsen","status":4,"updated":1617091583,"parent":"504","topPartiesCurrent":[0,2,3],"topPartiesPrevious":[2,0,7]},{"key":"345","type":0,"cbsCode":"0627","label":"Waddinxveen","status":4,"updated":1617091583,"parent":"509","topPartiesCurrent":[0,3,1],"topPartiesPrevious":[0,2,1]},{"key":"350","type":0,"cbsCode":"0638","label":"Zoeterwoude","status":4,"updated":1617091583,"parent":"509","topPartiesCurrent":[0,3,2],"topPartiesPrevious":[0,2,3]},{"key":"013","type":0,"cbsCode":"0034","label":"Almere","status":4,"updated":1617091582,"parent":"505","topPartiesCurrent":[0,3,1],"topPartiesPrevious":[0,1,3]},{"key":"028","type":0,"cbsCode":"0086","label":"Opsterland","status":4,"updated":1617091582,"parent":"502","topPartiesCurrent":[0,2,3],"topPartiesPrevious":[0,2,5]},{"key":"100","type":0,"cbsCode":"0889","label":"Beesel","status":4,"updated":1617091582,"parent":"512","topPartiesCurrent":[0,1,3],"topPartiesPrevious":[1,0,2]},{"key":"101","type":0,"cbsCode":"0893","label":"Bergen (L.)","status":4,"updated":1617091582,"parent":"512","topPartiesCurrent":[0,1,2],"topPartiesPrevious":[5,0,1]},{"key":"105","type":0,"cbsCode":"0907","label":"Gennep","status":4,"updated":1617091582,"parent":"512","topPartiesCurrent":[0,3,2],"topPartiesPrevious":[5,0,2]},{"key":"111","type":0,"cbsCode":"1640","label":"Leudal","status":4,"updated":1617091582,"parent":"512","topPartiesCurrent":[0,3,1],"topPartiesPrevious":[0,2,3]},{"key":"185","type":0,"cbsCode":"0865","label":"Vught","status":4,"updated":1617091582,"parent":"511","topPartiesCurrent":[0,3,2],"topPartiesPrevious":[0,3,2]},{"key":"221","type":0,"cbsCode":"0431","label":"Oostzaan","status":4,"updated":1617091582,"parent":"508","topPartiesCurrent":[0,1,3],"topPartiesPrevious":[0,1,3]},{"key":"228","type":0,"cbsCode":"0450","label":"Uitgeest","status":4,"updated":1617091582,"parent":"508","topPartiesCurrent":[0,3,1],"topPartiesPrevious":[0,3,2]},{"key":"235","type":0,"cbsCode":"0479","label":"Zaanstad","status":4,"updated":1617091582,"parent":"508","topPartiesCurrent":[0,3,1],"topPartiesPrevious":[0,1,3]},{"key":"246","type":0,"cbsCode":"0164","label":"Hengelo","status":4,"updated":1617091582,"parent":"504","topPartiesCurrent":[0,3,2],"topPartiesPrevious":[0,2,5]},{"key":"294","type":0,"cbsCode":"0703","label":"Reimerswaal","status":4,"updated":1617091582,"parent":"510","topPartiesCurrent":[10,0,1],"topPartiesPrevious":[10,0,1]},{"key":"338","type":0,"cbsCode":"0599","label":"Rotterdam","status":4,"updated":1617091582,"parent":"509","topPartiesCurrent":[3,0,1],"topPartiesPrevious":[0,1,3]},{"key":"344","type":0,"cbsCode":"0626","label":"Voorschoten","status":4,"updated":1617091582,"parent":"509","topPartiesCurrent":[0,3,2],"topPartiesPrevious":[0,3,2]},{"key":"037","type":0,"cbsCode":"0197","label":"Aalten","status":4,"updated":1617091581,"parent":"506","topPartiesCurrent":[0,2,3],"topPartiesPrevious":[2,0,5]},{"key":"039","type":0,"cbsCode":"0202","label":"Arnhem","status":4,"updated":1617091581,"parent":"506","topPartiesCurrent":[3,0,1],"topPartiesPrevious":[0,3,4]},{"key":"053","type":0,"cbsCode":"0230","label":"Elburg","status":4,"updated":1617091581,"parent":"506","topPartiesCurrent":[0,7,10],"topPartiesPrevious":[2,7,0]},{"key":"057","type":0,"cbsCode":"0244","label":"Hattem","status":4,"updated":1617091581,"parent":"506","topPartiesCurrent":[0,7,2],"topPartiesPrevious":[2,0,7]},{"key":"058","type":0,"cbsCode":"0246","label":"Heerde","status":4,"updated":1617091581,"parent":"506","topPartiesCurrent":[0,2,7],"topPartiesPrevious":[2,0,7]},{"key":"061","type":0,"cbsCode":"0262","label":"Lochem","status":4,"updated":1617091581,"parent":"506","topPartiesCurrent":[0,3,2],"topPartiesPrevious":[0,2,3]},{"key":"084","type":0,"cbsCode":"0294","label":"Winterswijk","status":4,"updated":1617091581,"parent":"506","topPartiesCurrent":[0,3,2],"topPartiesPrevious":[0,2,3]},{"key":"085","type":0,"cbsCode":"0297","label":"Zaltbommel","status":4,"updated":1617091581,"parent":"506","topPartiesCurrent":[0,10,3],"topPartiesPrevious":[0,10,2]},{"key":"236","type":0,"cbsCode":"0473","label":"Zandvoort","status":4,"updated":1617091581,"parent":"508","topPartiesCurrent":[0,1,3],"topPartiesPrevious":[0,1,3]},{"key":"237","type":0,"cbsCode":"0141","label":"Almelo","status":4,"updated":1617091581,"parent":"504","topPartiesCurrent":[0,1,2],"topPartiesPrevious":[1,0,2]},{"key":"266","type":0,"cbsCode":"0310","label":"De Bilt","status":4,"updated":1617091581,"parent":"507","topPartiesCurrent":[0,3,2],"topPartiesPrevious":[0,3,4]},{"key":"312","type":0,"cbsCode":"0513","label":"Gouda","status":4,"updated":1617091581,"parent":"509","topPartiesCurrent":[0,3,1],"topPartiesPrevious":[0,3,1]},{"key":"046","type":0,"cbsCode":"0214","label":"Buren","status":4,"updated":1617091580,"parent":"506","topPartiesCurrent":[0,1,3],"topPartiesPrevious":[0,1,2]},{"key":"051","type":0,"cbsCode":"0226","label":"Duiven","status":4,"updated":1617091580,"parent":"506","topPartiesCurrent":[0,3,1],"topPartiesPrevious":[0,2,1]},{"key":"055","type":0,"cbsCode":"0233","label":"Ermelo","status":4,"updated":1617091580,"parent":"506","topPartiesCurrent":[0,2,7],"topPartiesPrevious":[0,2,7]},{"key":"082","type":0,"cbsCode":"0293","label":"Westervoort","status":4,"updated":1617091580,"parent":"506","topPartiesCurrent":[0,3,1],"topPartiesPrevious":[0,1,5]},{"key":"120","type":0,"cbsCode":"0965","label":"Simpelveld","status":4,"updated":1617091580,"parent":"512","topPartiesCurrent":[0,1,2],"topPartiesPrevious":[1,2,0]},{"key":"127","type":0,"cbsCode":"0986","label":"Voerendaal","status":4,"updated":1617091580,"parent":"512","topPartiesCurrent":[0,1,3],"topPartiesPrevious":[0,2,1]},{"key":"182","type":0,"cbsCode":"0856","label":"Uden","status":4,"updated":1617091580,"parent":"511","topPartiesCurrent":[0,3,2],"topPartiesPrevious":[0,2,5]},{"key":"248","type":0,"cbsCode":"0166","label":"Kampen","status":4,"updated":1617091580,"parent":"504","topPartiesCurrent":[0,2,7],"topPartiesPrevious":[2,7,0]},{"key":"249","type":0,"cbsCode":"0168","label":"Losser","status":4,"updated":1617091580,"parent":"504","topPartiesCurrent":[0,2,1],"topPartiesPrevious":[2,0,1]},{"key":"271","type":0,"cbsCode":"0327","label":"Leusden","status":4,"updated":1617091580,"parent":"507","topPartiesCurrent":[0,3,2],"topPartiesPrevious":[0,2,3]},{"key":"326","type":0,"cbsCode":"0553","label":"Lisse","status":4,"updated":1617091580,"parent":"509","topPartiesCurrent":[0,3,2],"topPartiesPrevious":[0,2,3]},{"key":"333","type":0,"cbsCode":"0579","label":"Oegstgeest","status":4,"updated":1617091580,"parent":"509","topPartiesCurrent":[0,3,2],"topPartiesPrevious":[0,3,2]},{"key":"349","type":0,"cbsCode":"0637","label":"Zoetermeer","status":4,"updated":1617091580,"parent":"509","topPartiesCurrent":[0,3,1],"topPartiesPrevious":[0,1,3]},{"key":"035","type":0,"cbsCode":"1949","label":"Waadhoeke","status":4,"updated":1617091579,"parent":"502","topPartiesCurrent":[0,2,3],"topPartiesPrevious":[2,0,5]},{"key":"069","type":0,"cbsCode":"1586","label":"Oost Gelre","status":4,"updated":1617091579,"parent":"506","topPartiesCurrent":[0,2,3],"topPartiesPrevious":[0,2,3]},{"key":"225","type":0,"cbsCode":"0441","label":"Schagen","status":4,"updated":1617091579,"parent":"508","topPartiesCurrent":[0,2,3],"topPartiesPrevious":[0,3,2]},{"key":"258","type":0,"cbsCode":"1700","label":"Twenterand","status":4,"updated":1617091579,"parent":"504","topPartiesCurrent":[2,0,1],"topPartiesPrevious":[2,1,0]},{"key":"264","type":0,"cbsCode":"0312","label":"Bunnik","status":4,"updated":1617091579,"parent":"507","topPartiesCurrent":[0,3,2],"topPartiesPrevious":[0,3,2]},{"key":"268","type":0,"cbsCode":"0317","label":"Eemnes","status":4,"updated":1617091579,"parent":"507","topPartiesCurrent":[0,3,2],"topPartiesPrevious":[0,2,3]},{"key":"290","type":0,"cbsCode":"0677","label":"Hulst","status":4,"updated":1617091579,"parent":"510","topPartiesCurrent":[0,1,2],"topPartiesPrevious":[0,1,2]},{"key":"300","type":0,"cbsCode":"0718","label":"Vlissingen","status":4,"updated":1617091579,"parent":"510","topPartiesCurrent":[0,3,1],"topPartiesPrevious":[0,1,5]},{"key":"337","type":0,"cbsCode":"0603","label":"Rijswijk","status":4,"updated":1617091579,"parent":"509","topPartiesCurrent":[0,3,1],"topPartiesPrevious":[0,1,3]},{"key":"340","type":0,"cbsCode":"0606","label":"Schiedam","status":4,"updated":1617091579,"parent":"509","topPartiesCurrent":[0,1,3],"topPartiesPrevious":[1,0,3]},{"key":"342","type":0,"cbsCode":"1525","label":"Teylingen","status":4,"updated":1617091579,"parent":"509","topPartiesCurrent":[0,3,2],"topPartiesPrevious":[0,3,2]},{"key":"346","type":0,"cbsCode":"0629","label":"Wassenaar","status":4,"updated":1617091579,"parent":"509","topPartiesCurrent":[0,3,1],"topPartiesPrevious":[0,2,1]},{"key":"347","type":0,"cbsCode":"1783","label":"Westland","status":4,"updated":1617091579,"parent":"509","topPartiesCurrent":[0,1,2],"topPartiesPrevious":[0,2,1]},{"key":"034","type":0,"cbsCode":"0096","label":"Vlieland","status":4,"updated":1617091578,"parent":"502","topPartiesCurrent":[0,3,2],"topPartiesPrevious":[0,3,4]},{"key":"071","type":0,"cbsCode":"1734","label":"Overbetuwe","status":4,"updated":1617091578,"parent":"506","topPartiesCurrent":[0,3,2],"topPartiesPrevious":[0,2,3]},{"key":"079","type":0,"cbsCode":"0289","label":"Wageningen","status":4,"updated":1617091578,"parent":"506","topPartiesCurrent":[3,4,0],"topPartiesPrevious":[3,4,0]},{"key":"098","type":0,"cbsCode":"0888","label":"Beek","status":4,"updated":1617091578,"parent":"512","topPartiesCurrent":[0,1,3],"topPartiesPrevious":[1,0,2]},{"key":"118","type":0,"cbsCode":"1669","label":"Roerdalen","status":4,"updated":1617091578,"parent":"512","topPartiesCurrent":[1,0,2],"topPartiesPrevious":[1,0,2]},{"key":"187","type":0,"cbsCode":"0867","label":"Waalwijk","status":4,"updated":1617091578,"parent":"511","topPartiesCurrent":[0,1,3],"topPartiesPrevious":[0,1,2]},{"key":"222","type":0,"cbsCode":"0432","label":"Opmeer","status":4,"updated":1617091578,"parent":"508","topPartiesCurrent":[0,2,3],"topPartiesPrevious":[0,2,3]},{"key":"229","type":0,"cbsCode":"0451","label":"Uithoorn","status":4,"updated":1617091578,"parent":"508","topPartiesCurrent":[0,3,1],"topPartiesPrevious":[0,3,1]},{"key":"238","type":0,"cbsCode":"0147","label":"Borne","status":4,"updated":1617091578,"parent":"504","topPartiesCurrent":[0,2,3],"topPartiesPrevious":[2,0,3]},{"key":"251","type":0,"cbsCode":"1773","label":"Olst-Wijhe","status":4,"updated":1617091578,"parent":"504","topPartiesCurrent":[0,2,3],"topPartiesPrevious":[0,2,3]},{"key":"269","type":0,"cbsCode":"0321","label":"Houten","status":4,"updated":1617091578,"parent":"507","topPartiesCurrent":[0,3,2],"topPartiesPrevious":[0,3,2]},{"key":"289","type":0,"cbsCode":"0664","label":"Goes","status":4,"updated":1617091578,"parent":"510","topPartiesCurrent":[0,3,2],"topPartiesPrevious":[0,2,1]},{"key":"297","type":0,"cbsCode":"0715","label":"Terneuzen","status":4,"updated":1617091578,"parent":"510","topPartiesCurrent":[0,1,2],"topPartiesPrevious":[0,1,2]},{"key":"008","type":0,"cbsCode":"0119","label":"Meppel","status":4,"updated":1617091577,"parent":"503","topPartiesCurrent":[0,3,2],"topPartiesPrevious":[0,2,3]},{"key":"068","type":0,"cbsCode":"0269","label":"Oldebroek","status":4,"updated":1617091577,"parent":"506","topPartiesCurrent":[7,10,0],"topPartiesPrevious":[7,2,10]},{"key":"075","type":0,"cbsCode":"0277","label":"Rozendaal","status":4,"updated":1617091577,"parent":"506","topPartiesCurrent":[0,3,2],"topPartiesPrevious":[0,3,2]},{"key":"171","type":0,"cbsCode":"0828","label":"Oss","status":4,"updated":1617091577,"parent":"511","topPartiesCurrent":[0,1,5],"topPartiesPrevious":[0,5,1]},{"key":"174","type":0,"cbsCode":"0840","label":"Rucphen","status":4,"updated":1617091577,"parent":"511","topPartiesCurrent":[1,0,2],"topPartiesPrevious":[1,0,2]},{"key":"181","type":0,"cbsCode":"0855","label":"Tilburg","status":4,"updated":1617091577,"parent":"511","topPartiesCurrent":[0,3,1],"topPartiesPrevious":[0,3,1]},{"key":"189","type":0,"cbsCode":"0879","label":"Zundert","status":4,"updated":1617091577,"parent":"511","topPartiesCurrent":[0,2,1],"topPartiesPrevious":[0,2,1]},{"key":"250","type":0,"cbsCode":"0173","label":"Oldenzaal","status":4,"updated":1617091577,"parent":"504","topPartiesCurrent":[0,2,3],"topPartiesPrevious":[0,2,3]},{"key":"272","type":0,"cbsCode":"0331","label":"Lopik","status":4,"updated":1617091577,"parent":"507","topPartiesCurrent":[0,2,1],"topPartiesPrevious":[0,2,1]},{"key":"282","type":0,"cbsCode":"0345","label":"Veenendaal","status":4,"updated":1617091577,"parent":"507","topPartiesCurrent":[0,7,2],"topPartiesPrevious":[0,2,7]},{"key":"286","type":0,"cbsCode":"0351","label":"Woudenberg","status":4,"updated":1617091577,"parent":"507","topPartiesCurrent":[0,10,2],"topPartiesPrevious":[0,10,2]},{"key":"351","type":0,"cbsCode":"1892","label":"Zuidplas","status":4,"updated":1617091577,"parent":"509","topPartiesCurrent":[0,3,1],"topPartiesPrevious":[0,1,2]},{"key":"353","type":0,"cbsCode":null,"label":"Bonaire","status":4,"updated":1617091577,"parent":null,"topPartiesCurrent":[2,3,0],"topPartiesPrevious":[3,2,0]},{"key":"012","type":0,"cbsCode":"1701","label":"Westerveld","status":4,"updated":1617091576,"parent":"503","topPartiesCurrent":[0,3,2],"topPartiesPrevious":[0,2,3]},{"key":"018","type":0,"cbsCode":"0050","label":"Zeewolde","status":4,"updated":1617091576,"parent":"505","topPartiesCurrent":[0,3,2],"topPartiesPrevious":[0,2,1]},{"key":"052","type":0,"cbsCode":"0228","label":"Ede","status":4,"updated":1617091576,"parent":"506","topPartiesCurrent":[0,10,3],"topPartiesPrevious":[0,2,10]},{"key":"083","type":0,"cbsCode":"0296","label":"Wijchen","status":4,"updated":1617091576,"parent":"506","topPartiesCurrent":[0,3,1],"topPartiesPrevious":[0,1,2]},{"key":"086","type":0,"cbsCode":"0299","label":"Zevenaar","status":4,"updated":1617091576,"parent":"506","topPartiesCurrent":[0,3,1],"topPartiesPrevious":[0,2,1]},{"key":"092","type":0,"cbsCode":"1895","label":"Oldambt","status":4,"updated":1617091576,"parent":"501","topPartiesCurrent":[0,1,5],"topPartiesPrevious":[5,1,0]},{"key":"119","type":0,"cbsCode":"0957","label":"Roermond","status":4,"updated":1617091576,"parent":"512","topPartiesCurrent":[0,1,3],"topPartiesPrevious":[0,1,2]},{"key":"227","type":0,"cbsCode":"0448","label":"Texel","status":4,"updated":1617091576,"parent":"508","topPartiesCurrent":[0,3,2],"topPartiesPrevious":[0,2,3]},{"key":"255","type":0,"cbsCode":"0180","label":"Staphorst","status":4,"updated":1617091576,"parent":"504","topPartiesCurrent":[10,7,2],"topPartiesPrevious":[10,2,7]},{"key":"257","type":0,"cbsCode":"0183","label":"Tubbergen","status":4,"updated":1617091576,"parent":"504","topPartiesCurrent":[2,0,1],"topPartiesPrevious":[2,0,1]},{"key":"263","type":0,"cbsCode":"0308","label":"Baarn","status":4,"updated":1617091576,"parent":"507","topPartiesCurrent":[0,3,2],"topPartiesPrevious":[0,3,2]},{"key":"002","type":0,"cbsCode":"0106","label":"Assen","status":4,"updated":1617091575,"parent":"503","topPartiesCurrent":[0,3,6],"topPartiesPrevious":[0,3,5]},{"key":"006","type":0,"cbsCode":"0114","label":"Emmen","status":4,"updated":1617091575,"parent":"503","topPartiesCurrent":[1,0,2],"topPartiesPrevious":[1,5,0]},{"key":"054","type":0,"cbsCode":"0232","label":"Epe","status":4,"updated":1617091575,"parent":"506","topPartiesCurrent":[0,2,3],"topPartiesPrevious":[0,2,1]},{"key":"067","type":0,"cbsCode":"0302","label":"Nunspeet","status":4,"updated":1617091575,"parent":"506","topPartiesCurrent":[10,0,7],"topPartiesPrevious":[10,2,0]},{"key":"087","type":0,"cbsCode":"0301","label":"Zutphen","status":4,"updated":1617091575,"parent":"506","topPartiesCurrent":[3,0,1],"topPartiesPrevious":[0,3,4]},{"key":"093","type":0,"cbsCode":"0765","label":"Pekela","status":4,"updated":1617091575,"parent":"501","topPartiesCurrent":[1,5,0],"topPartiesPrevious":[1,5,0]},{"key":"095","type":0,"cbsCode":"0047","label":"Veendam","status":4,"updated":1617091575,"parent":"501","topPartiesCurrent":[0,1,5],"topPartiesPrevious":[5,1,0]},{"key":"126","type":0,"cbsCode":"0984","label":"Venray","status":4,"updated":1617091575,"parent":"512","topPartiesCurrent":[0,3,2],"topPartiesPrevious":[0,2,5]},{"key":"230","type":0,"cbsCode":"0453","label":"Velsen","status":4,"updated":1617091575,"parent":"508","topPartiesCurrent":[0,3,1],"topPartiesPrevious":[0,1,3]},{"key":"232","type":0,"cbsCode":"0457","label":"Weesp","status":4,"updated":1617091575,"parent":"508","topPartiesCurrent":[0,3,1],"topPartiesPrevious":[0,3,4]},{"key":"259","type":0,"cbsCode":"0189","label":"Wierden","status":4,"updated":1617091575,"parent":"504","topPartiesCurrent":[0,2,1],"topPartiesPrevious":[2,0,1]},{"key":"275","type":0,"cbsCode":"0589","label":"Oudewater","status":4,"updated":1617091575,"parent":"507","topPartiesCurrent":[0,2,3],"topPartiesPrevious":[0,2,1]},{"key":"276","type":0,"cbsCode":"0339","label":"Renswoude","status":4,"updated":1617091575,"parent":"507","topPartiesCurrent":[0,10,2],"topPartiesPrevious":[2,0,10]},{"key":"011","type":0,"cbsCode":"1730","label":"Tynaarlo","status":4,"updated":1617091574,"parent":"503","topPartiesCurrent":[0,3,6],"topPartiesPrevious":[0,3,2]},{"key":"072","type":0,"cbsCode":"0273","label":"Putten","status":4,"updated":1617091574,"parent":"506","topPartiesCurrent":[0,2,7],"topPartiesPrevious":[0,2,7]},{"key":"073","type":0,"cbsCode":"0274","label":"Renkum","status":4,"updated":1617091574,"parent":"506","topPartiesCurrent":[0,3,2],"topPartiesPrevious":[0,3,2]},{"key":"074","type":0,"cbsCode":"0275","label":"Rheden","status":4,"updated":1617091574,"parent":"506","topPartiesCurrent":[0,3,1],"topPartiesPrevious":[0,3,1]},{"key":"078","type":0,"cbsCode":"0285","label":"Voorst","status":4,"updated":1617091574,"parent":"506","topPartiesCurrent":[0,3,2],"topPartiesPrevious":[0,2,3]},{"key":"253","type":0,"cbsCode":"0177","label":"Raalte","status":4,"updated":1617091574,"parent":"504","topPartiesCurrent":[0,2,3],"topPartiesPrevious":[2,0,3]},{"key":"261","type":0,"cbsCode":"0193","label":"Zwolle","status":4,"updated":1617091574,"parent":"504","topPartiesCurrent":[3,0,7],"topPartiesPrevious":[0,3,4]},{"key":"280","type":0,"cbsCode":"0344","label":"Utrecht","status":4,"updated":1617091574,"parent":"507","topPartiesCurrent":[3,0,4],"topPartiesPrevious":[3,4,0]},{"key":"285","type":0,"cbsCode":"0632","label":"Woerden","status":4,"updated":1617091574,"parent":"507","topPartiesCurrent":[0,3,2],"topPartiesPrevious":[0,2,3]},{"key":"296","type":0,"cbsCode":"1714","label":"Sluis","status":4,"updated":1617091574,"parent":"510","topPartiesCurrent":[0,1,2],"topPartiesPrevious":[0,1,2]},{"key":"298","type":0,"cbsCode":"0716","label":"Tholen","status":4,"updated":1617091574,"parent":"510","topPartiesCurrent":[10,0,1],"topPartiesPrevious":[10,1,0]},{"key":"354","type":0,"cbsCode":null,"label":"Saba","status":4,"updated":1617091574,"parent":null,"topPartiesCurrent":[2,13,3],"topPartiesPrevious":[3,5,4]},{"key":"017","type":0,"cbsCode":"0184","label":"Urk","status":4,"updated":1617091573,"parent":"505","topPartiesCurrent":[10,1,12],"topPartiesPrevious":[10,2,7]},{"key":"077","type":0,"cbsCode":"0281","label":"Tiel","status":4,"updated":1617091573,"parent":"506","topPartiesCurrent":[0,1,3],"topPartiesPrevious":[0,1,3]},{"key":"122","type":0,"cbsCode":"0971","label":"Stein","status":4,"updated":1617091573,"parent":"512","topPartiesCurrent":[1,0,3],"topPartiesPrevious":[1,0,5]},{"key":"123","type":0,"cbsCode":"0981","label":"Vaals","status":4,"updated":1617091573,"parent":"512","topPartiesCurrent":[0,1,2],"topPartiesPrevious":[1,0,2]},{"key":"125","type":0,"cbsCode":"0983","label":"Venlo","status":4,"updated":1617091573,"parent":"512","topPartiesCurrent":[0,1,3],"topPartiesPrevious":[1,0,2]},{"key":"128","type":0,"cbsCode":"0988","label":"Weert","status":4,"updated":1617091573,"parent":"512","topPartiesCurrent":[0,1,3],"topPartiesPrevious":[0,1,2]},{"key":"252","type":0,"cbsCode":"0175","label":"Ommen","status":4,"updated":1617091573,"parent":"504","topPartiesCurrent":[2,0,7],"topPartiesPrevious":[2,0,7]},{"key":"277","type":0,"cbsCode":"0340","label":"Rhenen","status":4,"updated":1617091573,"parent":"507","topPartiesCurrent":[0,10,3],"topPartiesPrevious":[0,10,1]},{"key":"278","type":0,"cbsCode":"0342","label":"Soest","status":4,"updated":1617091573,"parent":"507","topPartiesCurrent":[0,3,2],"topPartiesPrevious":[0,3,1]},{"key":"287","type":0,"cbsCode":"0355","label":"Zeist","status":4,"updated":1617091573,"parent":"507","topPartiesCurrent":[0,3,2],"topPartiesPrevious":[0,3,4]},{"key":"299","type":0,"cbsCode":"0717","label":"Veere","status":4,"updated":1617091573,"parent":"510","topPartiesCurrent":[0,10,2],"topPartiesPrevious":[0,2,10]}],"parties":[{"key":0,"label":"VVD","color":"#d741a7"},{"key":1,"label":"PVV","color":"#3a1772"},{"key":2,"label":"CDA","color":"#5398be"},{"key":3,"label":"D66","color":"#f2cd5d"},{"key":4,"label":"GL","color":"#dea54b"},{"key":5,"label":"SP","color":"#dcd6f7"},{"key":6,"label":"PVDA","color":"#a6b1e1"},{"key":7,"label":"CU","color":"#b4869f"},{"key":8,"label":"PVDD","color":"#985f6f"},{"key":9,"label":"50PLUS","color":"#4e4c67"},{"key":10,"label":"SGP","color":"#124e78"},{"key":11,"label":"DENK","color":"#f0f0c9"},{"key":12,"label":"FVD","color":"#f2bb05"},{"key":13,"label":"BIJ1","color":"#d74e09"},{"key":14,"label":"JA21","color":"#6e0e0a"},{"key":15,"label":"COORANJE","color":"#e56399"},{"key":16,"label":"VOLT","color":"#d3a588"},{"key":17,"label":"NIDA","color":"#ece2d0"},{"key":18,"label":"PIRATEN","color":"#7fd1b9"},{"key":19,"label":"LIBERP","color":"#7a6563"},{"key":20,"label":"JONG","color":"#edd2e0"},{"key":21,"label":"SPLINTER","color":"#edbbb4"},{"key":22,"label":"BBB","color":"#dbabbe"},{"key":23,"label":"NLBETER","color":"#baa1a7"},{"key":24,"label":"HENKKROL","color":"#797b84"},{"key":25,"label":"OPRECHT","color":"#f46036"},{"key":26,"label":"JEZUSLFT","color":"#5b85aa"},{"key":27,"label":"TROTS","color":"#414770"},{"key":28,"label":"UBUNTU","color":"#372248"},{"key":29,"label":"BLANCOZV","color":"#171123"},{"key":30,"label":"PVDE","color":"#dcd6f7"},{"key":31,"label":"DFP","color":"#a6b1e1"},{"key":32,"label":"VSN","color":"#b4869f"},{"key":33,"label":"WIJZNL","color":"#985f6f"},{"key":34,"label":"MODERNNL","color":"#4e4c67"},{"key":35,"label":"GROENEN","color":"#124e78"},{"key":36,"label":"PVDR","color":"#f0f0c9"},{"key":37,"label":"OVERIG","color":"#f2bb05"}]}